<?xml version="1.0" encoding="UTF-8" standalone="yes"?>
<manifest>
  <control namespace="LookupMultiSelect" constructor="LookupMultiSelect" version="9.6.0" display-name-key="LookupMultiSelect_Control" description-key="LookupMultiSelect_Description" control-type="standard" api-version="1.3.15">
    <external-service-usage enabled="false"/>
    <property name="selectedItems" display-name-key="selectedItems" description-key="selectedItemsDescription" of-type="Lookup.Simple" required="true" usage="bound"/>
    <property name="hiddenField" display-name-key="hiddenField" description-key="hiddenFieldDescription" of-type="Multiple" usage="bound" required="true"/>
    <property name="recordNamesField" display-name-key="recordNamesField" description-key="recordNamesFieldDescription" of-type="Multiple" usage="bound" required="false"/>
    <property name="LookupEntityLogicalName" display-name-key="lookupEntityLogicalName" description-key="selectedItemsDescription" of-type="SingleLine.Text" required="true" usage="input"/>
    <property name="LookupEntityDisplayName" display-name-key="lookupEntityDisplayName" description-key="Display name of the lookup entity" of-type="SingleLine.Text" required="false" usage="input"/>
    <property name="NameFieldLogicalName" display-name-key="NameFieldLogicalName" description-key="selectedItemsDescription" of-type="SingleLine.Text" required="true" usage="input"/>
    <property name="LookupOption1LogicalName" display-name-key="LookupOption1LogicalName" description-key="selectedItemsDescription" of-type="SingleLine.Text" required="false" usage="input"/>
    <property name="LookupOption2LogicalName" display-name-key="LookupOption2LogicalName" description-key="selectedItemsDescription" of-type="SingleLine.Text" required="false" usage="input"/>
    <resources>
      <code path="bundle.js" order="1"/>
      <css path="css/MultiSelectLookup.css" order="1"/>
    </resources>
    <feature-usage>
      <uses-feature name="Utility" required="true"/>
      <uses-feature name="WebAPI" required="true"/>
    </feature-usage>
    <built-by name="pac" version="1.38.3"/>
  </control>
</manifest>